{"18_ratio": 3.289083, "18_long": 0.462363, "26_short": 0.183055, "0_short": 0.030263, "2_short": 0.186871, "17": 0.036344, "10_long": 0.126092, "16": 0.030598, "23": 0.041134, "12": 0.029551}